Gender,Nationality
Male,Canadian
Female,Indian
Female,Russian
Female,Canadian
Male,Canadian
Female,Indian
Male,Indian
Male,Russian
Female,Russian
Female,Russian
Male,Indian
Male,Indian
Female,Canadian
Male,Canadian
Female,Indian
Female,Canadian
Male,Russian
Male,Russian
Male,Indian
Female,Indian
Male,Canadian
Female,Indian
Male,Russian
Male,Indian
Male,Canadian
Female,Canadian
Female,Canadian
Male,Canadian
Male,Indian
Male,Indian
Female,Indian
Female,Canadian
Male,Canadian
Male,Russian
Female,Indian
Female,Russian
Male,Canadian
Male,Indian
Female,Russian
Female,Canadian
